{"zBO5eT2O244M45phk8/vTA==":"1648627667-49-sportishka-com-p-mednikov-kanatokhodets-sport-krasivie-foto-53.jpeg","q1urAIxDnBNAhwLkVDnW6w==":"3f4fd5c52aa529f79bfcab54099e4b46.jpg","CsSZ5Fms4WWxoTurXhUW3Q==":"3f4fd5c52aa529f79bfcab54099e4b46.jpeg","i29pARda3ROVa+eTN0FImQ==":"3f4fd5c52aa529f79bfcab54099e4b46-1.jpeg","mgO4G9CBnWG/wt/23/5D7Q==":"s-c128b088d832977869c3bdb11b91cad7d5d9fa39.webp","8u5UjwDJaiV8qbAu9G+JSA==":"shutterstock-339405509.jpeg","nDtBgfLMhW4/xmyL+nnc8g==":"csm-softline-solutions-is-a-great-place-to-work-805c5f3a5b.webp","Z/QcWVL9cfN0xeq3IJWTvA==":"afff254b1c6ea0d4f0b42d20f67f87ab.jpeg","MGTVsAg4nKe2IPuseLBxqw==":"50704792-originalwithcut-774x1376-90-cardbanner.jpeg","E568ziFtgbU9w1jhYBVFWA==":"3-steps-to-launch-a-faith-based-business-that-reaches-your-community-1536x1024.png","ASQOjoshyaQcidagFI428g==":"1-mwifsrns4w4dx3j2n7qzxa.jpeg","Dvj6RpRp9kvT0qQiPUzvKg==":"1647270506-52-kartinkin-net-p-kartinki-svobodi-61.jpeg","qskWB4l/hDI++e5b/+88Uw==":"12pa6-izzuluxz69jrcdh61myeszq03sx6y2cy0ud4t8u-dwyfbg0k8j62yyyrxwilro0jsk.jpeg","AJYMc4cX4g3QvSbtcinNAg==":"stress-iz-za-dolgov-scaled.jpeg","VPwOOuIr7IgVoGS6QfBCCA==":"7970.jpeg","icqHiy8PlIXO/sr0iYuW4w==":"7970-1.jpeg","cQXvc50Pq/jKu67xSNZFVg==":"7970-2.jpeg","cyrvOZMA3GrB6FU1hUGdTw==":"-1.jpeg","dhbDv1TTGu0iMnKxC23GAA==":"-2.jpeg","t5gdeP0uREI4aJWZQc2jRQ==":"435789056543434.png"}